{
  "Total" : {
    "transaction" : "Total",
    "sampleCount" : 900,
    "errorCount" : 1,
    "errorPct" : 0.11111111,
    "meanResTime" : 1077.752222222222,
    "medianResTime" : 60.5,
    "minResTime" : 35.0,
    "maxResTime" : 76777.0,
    "pct1ResTime" : 338.9,
    "pct2ResTime" : 1131.5999999999817,
    "pct3ResTime" : 35694.98,
    "throughput" : 7.363408767365373,
    "receivedKBytesPerSec" : 7.095318687308756,
    "sentKBytesPerSec" : 2.930598338324088
  },
  "2359project" : {
    "transaction" : "2359project",
    "sampleCount" : 900,
    "errorCount" : 1,
    "errorPct" : 0.11111111,
    "meanResTime" : 1077.752222222222,
    "medianResTime" : 60.5,
    "minResTime" : 35.0,
    "maxResTime" : 76777.0,
    "pct1ResTime" : 338.9,
    "pct2ResTime" : 1131.5999999999817,
    "pct3ResTime" : 35694.98,
    "throughput" : 7.363408767365373,
    "receivedKBytesPerSec" : 7.095318687308756,
    "sentKBytesPerSec" : 2.930598338324088
  }
}